<TICKER>,<DTYYYYMMDD>,<FIRST>,<HIGH>,<LOW>,<CLOSE>,<VALUE>,<VOL>,<OPENINT>,<PER>,<OPEN>,<LAST>
Tondgooyan.Petro,20210630,9580.00,9756.00,9450.00,9729.00,400540703328,41169188,4034,D,9292.00,9756.00
Tondgooyan.Petro,20210629,8933.00,9351.00,8886.00,9292.00,218709162416,23538426,3721,D,8906.00,9351.00
Tondgooyan.Petro,20210628,9000.00,9028.00,8781.00,8906.00,206292940631,23163599,4936,D,9064.00,8885.00
Tondgooyan.Petro,20210627,9000.00,9300.00,8900.00,9064.00,213425150342,23547334,5407,D,9205.00,8951.00
Tondgooyan.Petro,20210626,9390.00,9390.00,9001.00,9205.00,303918604303,33015986,6951,D,9181.00,9070.00
Tondgooyan.Petro,20210623,9220.00,9223.00,8960.00,9181.00,391753875066,42670316,6009,D,8784.00,9223.00
Tondgooyan.Petro,20210622,8500.00,8837.00,8500.00,8784.00,159027944786,18104403,2550,D,8417.00,8837.00
Tondgooyan.Petro,20210621,8305.00,8550.00,8254.00,8417.00,233176469965,27704139,4342,D,8505.00,8500.00
Tondgooyan.Petro,20210620,8620.00,8620.00,8620.00,8505.00,67664103680,7849664,177,D,7985.00,8620.00
Tondgooyan.Petro,20210613,8650.00,8850.00,8642.00,8765.00,127565629227,14553280,3368,D,8791.00,8822.00
Tondgooyan.Petro,20210612,8846.00,9150.00,8644.00,8791.00,99158033085,11279689,2603,D,8846.00,8650.00
Tondgooyan.Petro,20210609,8779.00,9010.00,8360.00,8846.00,153202640227,17319779,2570,D,8794.00,8911.00
Tondgooyan.Petro,20210608,8790.00,8940.00,8580.00,8794.00,172274777208,19590802,3350,D,8689.00,8710.00
Tondgooyan.Petro,20210607,8640.00,8780.00,8560.00,8689.00,140916427643,16218686,3510,D,8525.00,8779.00
Tondgooyan.Petro,20210602,8250.00,8640.00,8250.00,8525.00,127912732682,15004896,3042,D,8408.00,8597.00
Tondgooyan.Petro,20210601,8600.00,8720.00,8201.00,8408.00,97464729612,11591804,2392,D,8625.00,8313.00
Tondgooyan.Petro,20210531,8553.00,8960.00,8528.00,8625.00,162803660365,18876224,3532,D,8976.00,8528.00
Tondgooyan.Petro,20210530,9100.00,9200.00,8580.00,8976.00,257597483430,28698081,5600,D,8897.00,8739.00
Tondgooyan.Petro,20210529,8527.00,8948.00,8527.00,8897.00,218522171101,24561072,3844,D,8522.00,8948.00
Tondgooyan.Petro,20210526,8409.00,8689.00,8401.00,8522.00,110324964440,12945712,4691,D,8581.00,8470.00
Tondgooyan.Petro,20210525,8340.00,8690.00,8340.00,8581.00,184134133719,21459356,3760,D,8328.00,8620.00
Tondgooyan.Petro,20210524,8170.00,8499.00,8116.00,8328.00,179888740143,21601304,4263,D,8178.00,8370.00
Tondgooyan.Petro,20210523,8000.00,8395.00,8000.00,8178.00,203099733319,24833401,5143,D,8101.00,8100.00
Tondgooyan.Petro,20210522,8410.00,8450.00,8066.00,8101.00,164713856536,20332329,3504,D,8490.00,8066.00
Tondgooyan.Petro,20210519,8451.00,8671.00,8300.00,8490.00,156480207173,18431811,3794,D,8501.00,8416.00
Tondgooyan.Petro,20210518,8400.00,8791.00,8324.00,8501.00,277027091156,32586371,5298,D,8762.00,8411.00
Tondgooyan.Petro,20210517,9000.00,9030.00,8585.00,8762.00,103423838002,11803280,1958,D,9036.00,8585.00
Tondgooyan.Petro,20210516,9130.00,9270.00,8850.00,9036.00,117938064068,13051719,3184,D,9117.00,8904.00
Tondgooyan.Petro,20210515,8774.00,9296.00,8635.00,9117.00,202608082818,22222510,4690,D,8854.00,9056.00
Tondgooyan.Petro,20210512,9020.00,9269.00,8598.00,8854.00,258411130190,29186098,5317,D,8863.00,8800.00
Tondgooyan.Petro,20210511,8750.00,8928.00,8571.00,8863.00,192647699361,21737003,3515,D,8423.00,8928.00
Tondgooyan.Petro,20210510,7990.00,8631.00,7990.00,8423.00,238914674141,28363973,5206,D,8143.00,8631.00
Tondgooyan.Petro,20210509,8171.00,8200.00,8140.00,8143.00,147944649525,18168910,2603,D,8391.00,8140.00
Tondgooyan.Petro,20210508,8600.00,8626.00,8350.00,8391.00,118106689757,14075139,2419,D,8608.00,8350.00
Tondgooyan.Petro,20210505,8739.00,8739.00,8481.00,8608.00,146444724214,17012530,4215,D,8526.00,8542.00
Tondgooyan.Petro,20210503,8170.00,8749.00,8170.00,8526.00,234011153329,27447680,6297,D,8386.00,8570.00
Tondgooyan.Petro,20210502,8383.00,8560.00,8383.00,8386.00,169767161147,20243200,2606,D,8642.00,8383.00
Tondgooyan.Petro,20210501,8700.00,8875.00,8609.00,8642.00,122919245377,14223474,1809,D,8875.00,8609.00
Tondgooyan.Petro,20210428,8893.00,9197.00,8662.00,8875.00,226340016986,25503805,5351,D,8893.00,8779.00
Tondgooyan.Petro,20210427,8740.00,8978.00,8611.00,8893.00,405702894559,45621316,7255,D,8470.00,8870.00
Tondgooyan.Petro,20210426,8150.00,8567.00,8111.00,8470.00,238090488211,28110592,5598,D,8083.00,8567.00
Tondgooyan.Petro,20210425,8070.00,8215.00,8070.00,8083.00,216023752666,26726382,4663,D,8319.00,8130.00
Tondgooyan.Petro,20210424,8264.00,8370.00,8264.00,8319.00,63180419052,7641772,707,D,8519.00,8264.00
Tondgooyan.Petro,20210421,8590.00,8700.00,8503.00,8519.00,91973720334,10796051,1639,D,8765.00,8503.00
Tondgooyan.Petro,20210420,8890.00,9055.00,8719.00,8765.00,222648118780,25401015,4268,D,8896.00,8719.00
Tondgooyan.Petro,20210419,8896.00,8922.00,8896.00,8896.00,149368090032,16790248,2599,D,9077.00,8896.00
Tondgooyan.Petro,20210418,8981.00,8981.00,8981.00,9077.00,40890555867,4553007,262,D,9164.00,8981.00
Tondgooyan.Petro,20210417,9112.00,9240.00,9111.00,9164.00,62703113491,6881732,756,D,9296.00,9111.00
Tondgooyan.Petro,20210414,9500.00,9500.00,9257.00,9296.00,156595732785,16845211,3413,D,9445.00,9257.00
Tondgooyan.Petro,20210413,9350.00,9648.00,9300.00,9445.00,233714826502,24744654,5767,D,9104.00,9410.00
Tondgooyan.Petro,20210412,9041.00,9400.00,9041.00,9104.00,369695594542,40609083,6647,D,9225.00,9218.00
Tondgooyan.Petro,20210411,9146.00,9146.00,9146.00,9225.00,50222734704,5491224,388,D,9332.00,9146.00
Tondgooyan.Petro,20210410,9230.00,9230.00,9230.00,9332.00,40560302770,4394399,177,D,9418.00,9230.00
Tondgooyan.Petro,20210407,9350.00,9450.00,9349.00,9418.00,57130879517,6110670,528,D,9539.00,9349.00
Tondgooyan.Petro,20210406,9660.00,9890.00,9456.00,9539.00,268576348852,28155988,4604,D,9648.00,9456.00
Tondgooyan.Petro,20210405,9620.00,9800.00,9620.00,9648.00,322314812713,33408293,4690,D,9816.00,9750.00
Tondgooyan.Petro,20210404,9718.00,9718.00,9718.00,9816.00,47100075112,4846684,257,D,9916.00,9718.00
Tondgooyan.Petro,20210403,10000.00,10000.00,9906.00,9916.00,101132154457,10198476,885,D,10108.00,9906.00
Tondgooyan.Petro,20210331,10400.00,10430.00,10024.00,10108.00,504294903529,49888400,7074,D,10228.00,10026.00
Tondgooyan.Petro,20210330,9523.00,10297.00,9523.00,10228.00,947833384304,92671680,9307,D,9715.00,10297.00
Tondgooyan.Petro,20210328,9737.00,9910.00,9712.00,9715.00,232534453847,23935501,3386,D,9910.00,9712.00
Tondgooyan.Petro,20210327,10094.00,10190.00,9721.00,9910.00,499847939148,50437648,8171,D,9919.00,9803.00
Tondgooyan.Petro,20210317,9935.00,9935.00,9724.00,9919.00,948861829727,95659747,9227,D,9373.00,9935.00
Tondgooyan.Petro,20210316,9373.00,9373.00,9373.00,9373.00,109063956183,11635971,1631,D,8843.00,9373.00
Tondgooyan.Petro,20210315,8410.00,9010.00,8360.00,8843.00,293648824824,33205904,5944,D,8500.00,9010.00
Tondgooyan.Petro,20210314,8500.00,8640.00,8300.00,8500.00,193842104903,22805309,5041,D,8382.00,8425.00
Tondgooyan.Petro,20210313,8150.00,8607.00,8062.00,8382.00,196672924450,23464541,5793,D,8215.00,8499.00
Tondgooyan.Petro,20210310,8210.00,8290.00,8210.00,8215.00,139444179986,16973451,2479,D,8377.00,8210.00
Tondgooyan.Petro,20210309,8500.00,8652.00,8157.00,8377.00,204644741145,24428994,6099,D,8322.00,8200.00
Tondgooyan.Petro,20210308,8120.00,8449.00,8120.00,8322.00,217501081399,26136379,6381,D,8011.00,8413.00
Tondgooyan.Petro,20210307,7821.00,8115.00,7821.00,8011.00,184467288432,23026101,5512,D,7916.00,8077.00
Tondgooyan.Petro,20210306,7930.00,8034.00,7902.00,7916.00,173650059586,21937539,5246,D,8063.00,7910.00
Tondgooyan.Petro,20210303,8102.00,8380.00,8034.00,8063.00,131868187207,16355295,4177,D,8197.00,8034.00
Tondgooyan.Petro,20210302,8200.00,8380.00,8080.00,8197.00,176905648486,21582159,5166,D,8048.00,8210.00
Tondgooyan.Petro,20210301,7900.00,8300.00,7900.00,8048.00,221568313874,27531839,6750,D,8010.00,8110.00
Tondgooyan.Petro,20210228,8051.00,8110.00,8000.00,8010.00,80676592782,10072176,2127,D,8163.00,8000.00
Tondgooyan.Petro,20210227,8154.00,8310.00,8154.00,8163.00,134507761629,16478738,3143,D,8320.00,8154.00
Tondgooyan.Petro,20210224,8550.00,8560.00,8140.00,8320.00,216733486252,26050169,9451,D,8143.00,8238.00
Tondgooyan.Petro,20210223,7939.00,8500.00,7939.00,8143.00,269473675050,33090780,7952,D,8101.00,8385.00
Tondgooyan.Petro,20210222,8101.00,8105.00,8101.00,8101.00,107116491536,13222438,2196,D,8266.00,8101.00
Tondgooyan.Petro,20210221,8267.00,8400.00,8265.00,8266.00,139372493923,16861660,2949,D,8433.00,8265.00
Tondgooyan.Petro,20210220,8435.00,8599.00,8429.00,8433.00,220567326299,26154184,5104,D,8601.00,8430.00
Tondgooyan.Petro,20210217,8600.00,9000.00,8578.00,8601.00,126948792253,14758915,3405,D,8753.00,8610.00
Tondgooyan.Petro,20210216,8756.00,8870.00,8746.00,8753.00,141381337600,16152840,3317,D,8924.00,8747.00
Tondgooyan.Petro,20210215,9000.00,9110.00,8887.00,8924.00,200746848426,22494608,4571,D,9068.00,8887.00
Tondgooyan.Petro,20210214,9440.00,9440.00,8810.00,9068.00,331311437166,36538037,7750,D,8980.00,8901.00
Tondgooyan.Petro,20210213,8980.00,8982.00,8800.00,8980.00,141274740342,15732200,3266,D,8474.00,8982.00
Tondgooyan.Petro,20210209,8200.00,8643.00,8156.00,8474.00,223842781189,26415839,6441,D,8317.00,8585.00
Tondgooyan.Petro,20210208,8600.00,8600.00,8003.00,8317.00,289939363500,34863120,6911,D,8202.00,8301.00
Tondgooyan.Petro,20210207,7830.00,8225.00,7830.00,8202.00,137881318956,16811507,3468,D,7834.00,8225.00
Tondgooyan.Petro,20210206,7835.00,8150.00,7810.00,7834.00,349671528022,44632379,8103,D,8221.00,7810.00
Tondgooyan.Petro,20210203,8633.00,8760.00,8080.00,8221.00,269168498035,32741502,6880,D,8499.00,8094.00
Tondgooyan.Petro,20210202,8550.00,8709.00,8316.00,8499.00,289767604707,34093285,7137,D,8753.00,8600.00
Tondgooyan.Petro,20210201,8900.00,9190.00,8641.00,8753.00,453184786605,51776670,7790,D,9095.00,8643.00
Tondgooyan.Petro,20210131,9507.00,9507.00,8810.00,9095.00,401936757885,44192807,8680,D,9095.00,8860.00
Tondgooyan.Petro,20210130,8900.00,9107.00,8850.00,9095.00,227317181614,24994570,3982,D,8674.00,9107.00
Tondgooyan.Petro,20210127,8650.00,8970.00,8508.00,8674.00,287011268561,33090492,7688,D,8955.00,8750.00
Tondgooyan.Petro,20210126,9259.00,9390.00,8881.00,8955.00,349389640121,39016088,6888,D,9348.00,8881.00
Tondgooyan.Petro,20210125,9100.00,9754.00,9054.00,9348.00,377752578650,40411066,9100,D,9530.00,9150.00
Tondgooyan.Petro,20210124,9991.00,9991.00,9041.00,9530.00,758773261611,79619304,13804,D,9516.00,9160.00
Tondgooyan.Petro,20210123,9519.00,9519.00,9330.00,9516.00,203865380805,21422826,3923,D,9066.00,9519.00
Tondgooyan.Petro,20210120,8897.00,9096.00,8771.00,9066.00,162126203704,17882504,3843,D,8663.00,9096.00
Tondgooyan.Petro,20210119,8293.00,9080.00,8293.00,8663.00,401114738362,46300356,9932,D,8729.00,8849.00
Tondgooyan.Petro,20210118,8729.00,8900.00,8729.00,8729.00,141183547965,16173384,1848,D,9188.00,8729.00
Tondgooyan.Petro,20210116,9220.00,9500.00,9175.00,9188.00,195737247203,21303939,3019,D,9657.00,9175.00
Tondgooyan.Petro,20210113,9640.00,9990.00,9620.00,9657.00,475467848311,49235756,10476,D,10126.00,9620.00
Tondgooyan.Petro,20210112,10250.00,10490.00,10109.00,10126.00,249935438587,24683224,4356,D,10641.00,10109.00
Tondgooyan.Petro,20210111,11000.00,11000.00,10253.00,10641.00,510685381627,47990885,11717,D,10633.00,10336.00
Tondgooyan.Petro,20210110,10490.00,10662.00,10400.00,10633.00,466778729097,43900394,9286,D,10155.00,10662.00
Tondgooyan.Petro,20210109,10439.00,10439.00,9856.00,10155.00,511552974008,50374314,14183,D,9972.00,10300.00
Tondgooyan.Petro,20210106,9700.00,10320.00,9632.00,9972.00,823505010526,82585697,16408,D,10138.00,10200.00
Tondgooyan.Petro,20210105,10600.00,10600.00,10048.00,10138.00,525047091729,51790467,11944,D,10576.00,10048.00
Tondgooyan.Petro,20210104,10631.00,10774.00,10310.00,10576.00,433851411923,41021066,11604,D,10514.00,10509.00
Tondgooyan.Petro,20210103,10260.00,11000.00,10250.00,10514.00,477161210530,45382821,12099,D,10658.00,10550.00
Tondgooyan.Petro,20210102,10650.00,11110.00,10632.00,10658.00,529026153117,49638484,11144,D,11191.00,10650.00
Tondgooyan.Petro,20201230,11010.00,11600.00,10790.00,11191.00,551024031279,49237988,13158,D,11250.00,10805.00
Tondgooyan.Petro,20201229,11700.00,11700.00,11185.00,11250.00,725313461606,64472911,12742,D,11773.00,11197.00
Tondgooyan.Petro,20201228,11650.00,11989.00,11501.00,11773.00,1127400703896,95761655,17735,D,11419.00,11660.00
Tondgooyan.Petro,20201227,11200.00,11501.00,10800.00,11419.00,1144613054361,100236072,15446,D,10954.00,11501.00
Tondgooyan.Petro,20201226,11450.00,11450.00,10875.00,10954.00,858901685736,78412500,18453,D,11447.00,10920.00
Tondgooyan.Petro,20201223,11650.00,11800.00,11260.00,11447.00,553043067318,48314706,13246,D,11475.00,11328.00
Tondgooyan.Petro,20201222,11650.00,11750.00,11200.00,11475.00,705972627814,61521803,13521,D,11505.00,11600.00
Tondgooyan.Petro,20201221,11500.00,11980.00,11154.00,11505.00,518938240465,45103837,11152,D,11589.00,11357.00
Tondgooyan.Petro,20201220,11960.00,12038.00,11220.00,11589.00,650103610287,56095852,11862,D,11605.00,11490.00
Tondgooyan.Petro,20201219,11500.00,11755.00,11102.00,11605.00,488710647593,42113005,8960,D,11196.00,11755.00
Tondgooyan.Petro,20201216,11119.00,11500.00,11119.00,11196.00,883785625995,78934889,16663,D,11704.00,11279.00
Tondgooyan.Petro,20201215,11704.00,11704.00,11704.00,11704.00,158053262136,13504209,1869,D,12319.00,11704.00
Tondgooyan.Petro,20201213,12610.00,13200.00,12418.00,12711.00,885066914186,69630288,18001,D,13071.00,12700.00
Tondgooyan.Petro,20201212,13500.00,13500.00,12610.00,13071.00,1006028719114,76963997,21265,D,13006.00,12650.00
Tondgooyan.Petro,20201209,12370.00,13102.00,12370.00,13006.00,998372262566,76760815,16947,D,12479.00,13102.00
Tondgooyan.Petro,20201208,12460.00,12990.00,12325.00,12479.00,903418430720,72394911,19902,D,12973.00,12360.00
Tondgooyan.Petro,20201207,13290.00,13340.00,12654.00,12973.00,946735941058,72977365,19577,D,13320.00,12654.00
Tondgooyan.Petro,20201206,13100.00,13670.00,12960.00,13320.00,1334098338164,100159055,23013,D,13188.00,13161.00
Tondgooyan.Petro,20201205,13199.00,13570.00,12690.00,13188.00,1031862140693,78243216,18457,D,13199.00,13070.00
Tondgooyan.Petro,20201202,13102.00,13587.00,12680.00,13199.00,1493667763539,113163737,26199,D,12940.00,12990.00
Tondgooyan.Petro,20201201,12968.00,12968.00,12598.00,12940.00,2322314866790,179467072,21977,D,12351.00,12968.00
Tondgooyan.Petro,20201130,12351.00,12351.00,12351.00,12351.00,184073066745,14903495,2431,D,11763.00,12351.00
Tondgooyan.Petro,20201129,11763.00,11763.00,11763.00,11763.00,216964217979,18444633,2615,D,11203.00,11763.00
Tondgooyan.Petro,20201128,10600.00,11299.00,10594.00,11203.00,814457872983,72702934,12110,D,10761.00,11299.00
Tondgooyan.Petro,20201125,10599.00,11130.00,10599.00,10761.00,1148843951615,106763634,22492,D,11156.00,10996.00
Tondgooyan.Petro,20201124,11490.00,11600.00,11009.00,11156.00,610203604778,54698350,10372,D,11588.00,11009.00
Tondgooyan.Petro,20201123,11550.00,12099.00,11306.00,11588.00,687413900739,59319345,14057,D,11644.00,11490.00
Tondgooyan.Petro,20201122,11320.00,12160.00,11208.00,11644.00,783881439482,67317938,14763,D,11797.00,11570.00
Tondgooyan.Petro,20201121,12008.00,12008.00,11000.00,11797.00,1240843080018,105185250,18124,D,11437.00,11360.00
Tondgooyan.Petro,20201118,11400.00,11468.00,11150.00,11437.00,449227810355,39279404,7639,D,10922.00,11468.00
Tondgooyan.Petro,20201117,10700.00,10957.00,10436.00,10922.00,594654815389,54443711,9642,D,10436.00,10957.00
Tondgooyan.Petro,20201116,9891.00,10700.00,9783.00,10436.00,558807139562,53545061,12679,D,10235.00,10530.00
Tondgooyan.Petro,20201115,10490.00,10490.00,9580.00,10235.00,933232760182,91176931,17051,D,9991.00,9970.00
Tondgooyan.Petro,20201114,9901.00,10027.00,9751.00,9991.00,170008204178,17015903,3275,D,9550.00,10027.00
Tondgooyan.Petro,20201111,9600.00,9870.00,9113.00,9550.00,774657359692,81117693,16637,D,9549.00,9785.00
Tondgooyan.Petro,20201110,9700.00,10100.00,9352.00,9549.00,652793761302,68361583,14148,D,9844.00,9352.00
Tondgooyan.Petro,20201109,9839.00,9998.00,9839.00,9844.00,789191443618,80169968,7486,D,10356.00,9839.00
Tondgooyan.Petro,20201108,10020.00,10020.00,10020.00,10356.00,34727877120,3465856,540,D,10547.00,10020.00
Tondgooyan.Petro,20201107,10244.00,10244.00,10244.00,10547.00,42938381616,4191564,1136,D,10783.00,10244.00
Tondgooyan.Petro,20201104,10570.00,10806.00,10115.00,10783.00,634137761384,58811024,9378,D,10292.00,10806.00
Tondgooyan.Petro,20201102,10279.00,10540.00,10279.00,10292.00,703813139975,68385435,10980,D,10819.00,10350.00
Tondgooyan.Petro,20201101,11150.00,11230.00,10785.00,10819.00,280085988063,25889399,5119,D,11352.00,10785.00
Tondgooyan.Petro,20201031,11290.00,11720.00,10916.00,11352.00,976558275589,86027977,19940,D,11198.00,11249.00
Tondgooyan.Petro,20201028,11155.00,11490.00,11155.00,11198.00,1647039692919,147088883,23207,D,11742.00,11215.00
Tondgooyan.Petro,20201027,11722.00,11896.00,11722.00,11742.00,307220926217,26163830,4082,D,12338.00,11722.00
Tondgooyan.Petro,20201026,11896.00,11896.00,11896.00,12338.00,31863566856,2678511,820,D,12522.00,11896.00
Tondgooyan.Petro,20201024,12522.00,12522.00,12522.00,12522.00,294784283820,23541310,3095,D,13181.00,12522.00
Tondgooyan.Petro,20201021,13680.00,14150.00,12875.00,13181.00,1155040067369,87629563,19829,D,13552.00,12875.00
Tondgooyan.Petro,20201020,13525.00,13750.00,13525.00,13552.00,791959625576,58438075,9686,D,14236.00,13680.00
Tondgooyan.Petro,20201019,13780.00,13780.00,13780.00,14236.00,40633168680,2948706,1131,D,14505.00,13780.00
Tondgooyan.Petro,20201018,14900.00,15200.00,14345.00,14505.00,437723402558,30176719,9231,D,15099.00,14345.00
Tondgooyan.Petro,20201014,15600.00,15610.00,15030.00,15099.00,1216788329377,80588740,22086,D,15821.00,15035.00
Tondgooyan.Petro,20201013,15980.00,16400.00,15350.00,15821.00,988040683184,62452815,19956,D,16130.00,15690.00
Tondgooyan.Petro,20201012,16500.00,16990.00,15819.00,16130.00,1313921073372,81457101,24216,D,16651.00,16000.00
Tondgooyan.Petro,20201011,16011.00,16884.00,15822.00,16651.00,1567866683414,94161239,25231,D,16080.00,16180.00
Tondgooyan.Petro,20201010,16200.00,16700.00,15865.00,16080.00,1731456699556,107680801,31778,D,16699.00,15930.00
Tondgooyan.Petro,20201007,17375.00,17490.00,16200.00,16699.00,1960295231815,117387531,38430,D,17044.00,16445.00
Tondgooyan.Petro,20201006,17213.00,17213.00,15575.00,17044.00,480506126834,28192553,3509,D,16394.00,17213.00
Tondgooyan.Petro,20201005,16368.00,16670.00,16368.00,16394.00,735539111259,44867454,7820,D,17229.00,16368.00
Tondgooyan.Petro,20201004,17950.00,18200.00,16948.00,17229.00,1596934491709,92686499,22019,D,17839.00,16948.00
Tondgooyan.Petro,20201003,17700.00,17939.00,17220.00,17839.00,568171659213,31849261,9812,D,17085.00,17939.00
Tondgooyan.Petro,20200930,17140.00,17500.00,16270.00,17085.00,1300600924738,76127153,21885,D,16764.00,17459.00
Tondgooyan.Petro,20200929,16336.00,17900.00,16336.00,16764.00,2320635118012,138431318,30731,D,17195.00,17110.00
Tondgooyan.Petro,20200928,16552.00,16552.00,16552.00,17195.00,30430934760,1838505,875,D,17423.00,16552.00
Tondgooyan.Petro,20200927,18000.00,18400.00,17034.00,17423.00,1110926749282,63761781,13177,D,17930.00,17034.00
Tondgooyan.Petro,20200926,17939.00,17939.00,17640.00,17930.00,1046221551421,58351089,12099,D,17085.00,17939.00
Tondgooyan.Petro,20200923,17129.00,17129.00,16650.00,17085.00,1276660932094,74723485,13701,D,16314.00,17129.00
Tondgooyan.Petro,20200922,16500.00,16812.00,15220.00,16314.00,2404195989184,147372142,30140,D,16012.00,16812.00
Tondgooyan.Petro,20200921,15982.00,16380.00,15982.00,16012.00,744046916385,46468766,8857,D,16823.00,16200.00
Tondgooyan.Petro,20200920,17980.00,18100.00,16633.00,16823.00,1312716712263,78031564,21919,D,17508.00,16633.00
Tondgooyan.Petro,20200919,16900.00,17774.00,16220.00,17508.00,2889411510291,165034800,40751,D,16928.00,17774.00
Tondgooyan.Petro,20200916,16940.00,16940.00,16501.00,16928.00,2378857374877,140526255,23739,D,16134.00,16940.00
Tondgooyan.Petro,20200915,16134.00,16134.00,16134.00,16134.00,140138859156,8685934,3903,D,15366.00,16134.00
Tondgooyan.Petro,20200914,14750.00,15624.00,14500.00,15366.00,1286004758541,83689403,19788,D,14880.00,15624.00
Tondgooyan.Petro,20200913,15420.00,15750.00,14486.00,14880.00,1838580589049,123559828,28473,D,15248.00,14811.00
Tondgooyan.Petro,20200912,15404.00,15710.00,14500.00,15248.00,2201822567930,144402171,42342,D,14973.00,15600.00
Tondgooyan.Petro,20200909,14842.00,15500.00,14842.00,14973.00,2474163588353,165245826,37632,D,15623.00,15190.00
Tondgooyan.Petro,20200908,15198.00,15198.00,15198.00,15623.00,48547974468,3194366,665,D,15997.00,15198.00
Tondgooyan.Petro,20200907,15633.00,15633.00,15633.00,15997.00,59464774134,3803798,1032,D,16455.00,15633.00
Tondgooyan.Petro,20200906,16870.00,17310.00,16012.00,16455.00,800145499611,48626976,15224,D,16854.00,16012.00
Tondgooyan.Petro,20200905,17100.00,17944.00,16713.00,16854.00,1814421878935,107656228,27925,D,17592.00,17050.00
Tondgooyan.Petro,20200902,17344.00,17344.00,17344.00,17592.00,77792453504,4485266,1552,D,18256.00,17344.00
Tondgooyan.Petro,20200901,18245.00,18550.00,18245.00,18256.00,238820271188,13081959,4472,D,19205.00,18245.00
Tondgooyan.Petro,20200831,20442.00,20442.00,18496.00,19205.00,2767126503303,144085890,40236,D,19469.00,18790.00
Tondgooyan.Petro,20200826,19469.00,19469.00,19469.00,19469.00,217625533326,11178054,4048,D,18542.00,19469.00
Tondgooyan.Petro,20200825,17641.00,19497.00,17641.00,18542.00,3652680688693,196997651,59281,D,18569.00,19497.00
Tondgooyan.Petro,20200824,18569.00,18569.00,18569.00,18569.00,107328430051,5779979,1647,D,19546.00,18569.00
Tondgooyan.Petro,20200823,19298.00,19298.00,19298.00,19546.00,84016062270,4353615,1602,D,20313.00,19298.00
Tondgooyan.Petro,20200822,20600.00,21370.00,19795.00,20313.00,678739046550,33414372,11972,D,20836.00,19795.00
Tondgooyan.Petro,20200819,20836.00,20836.00,20836.00,20836.00,155247785840,7450940,3412,D,21932.00,20836.00
Tondgooyan.Petro,20200818,22861.00,22861.00,20685.00,21932.00,2561387517737,116785841,53928,D,21773.00,20685.00
Tondgooyan.Petro,20200817,21773.00,21773.00,21773.00,21773.00,322741309638,14823006,6427,D,22918.00,21773.00
Tondgooyan.Petro,20200816,22918.00,22918.00,22918.00,22918.00,128678405058,5614731,2579,D,24124.00,22918.00
Tondgooyan.Petro,20200815,24124.00,24124.00,24124.00,24124.00,184974002616,7667634,3221,D,25393.00,24124.00
Tondgooyan.Petro,20200812,25780.00,26890.00,24446.00,25393.00,1295772056840,51029064,21701,D,25732.00,24446.00
Tondgooyan.Petro,20200811,25732.00,25732.00,25732.00,25732.00,199985913232,7771876,4168,D,27086.00,25732.00
Tondgooyan.Petro,20200810,28230.00,28230.00,26825.00,27086.00,2480301534775,91570740,39518,D,28236.00,26825.00
Tondgooyan.Petro,20200809,28600.00,28678.00,27313.00,28236.00,4059008957346,143753244,72233,D,27313.00,28678.00
Tondgooyan.Petro,20200805,26890.00,28500.00,26890.00,27313.00,5110490105669,187109007,65313,D,28305.00,27949.00
Tondgooyan.Petro,20200804,29500.00,29500.00,27951.00,28305.00,2105757148287,74396179,40517,D,29422.00,27951.00
Tondgooyan.Petro,20200803,29954.00,29954.00,27500.00,29422.00,3954563117305,134406756,67470,D,28528.00,29000.00
Tondgooyan.Petro,20200802,28534.00,28534.00,27950.00,28528.00,2515637877870,88182807,31001,D,27176.00,28534.00
Tondgooyan.Petro,20200801,26700.00,27293.00,26700.00,27176.00,2118247427406,77944681,26683,D,25994.00,27293.00
Tondgooyan.Petro,20200729,25988.00,28500.00,25988.00,25994.00,1368764465468,52656148,23832,D,27355.00,25988.00
Tondgooyan.Petro,20200727,27442.00,27442.00,26147.00,27355.00,1264798851141,46236129,16078,D,26136.00,27442.00
Tondgooyan.Petro,20200726,26147.00,26147.00,25500.00,26136.00,2330804029483,89178202,32388,D,24902.00,26147.00
Tondgooyan.Petro,20200725,24902.00,24902.00,24902.00,24902.00,476461570332,19133466,10129,D,23717.00,24902.00
Tondgooyan.Petro,20200722,23201.00,24218.00,22500.00,23717.00,4084002736671,172193789,70112,D,23065.00,24218.00
Tondgooyan.Petro,20200721,21550.00,23634.00,21550.00,23065.00,5743854496146,249027507,76103,D,22509.00,22700.00
Tondgooyan.Petro,20200720,22510.00,22510.00,22400.00,22509.00,2653907713523,117906349,27918,D,21439.00,22510.00
Tondgooyan.Petro,20200719,20268.00,22400.00,20268.00,21439.00,4574815086585,213388593,57301,D,21334.00,22400.00
Tondgooyan.Petro,20200718,21334.00,21334.00,21334.00,21334.00,1268863288072,59476108,32426,D,22456.00,21334.00
Tondgooyan.Petro,20200715,22456.00,22456.00,22456.00,22456.00,1903828078544,84780374,15168,D,21387.00,22456.00
Tondgooyan.Petro,20200714,21387.00,21387.00,21387.00,21387.00,1316037496020,61534460,11534,D,20369.00,21387.00
Tondgooyan.Petro,20200713,20383.00,20383.00,19500.00,20369.00,3904587727750,191695750,36803,D,19413.00,20383.00
Tondgooyan.Petro,20200712,19413.00,19413.00,19413.00,19413.00,1074792339171,55364567,6988,D,18489.00,19413.00
Tondgooyan.Petro,20200711,17400.00,18833.00,17100.00,18489.00,2586295694454,139880160,38611,D,17937.00,18833.00
Tondgooyan.Petro,20200708,18488.00,18488.00,16728.00,17937.00,3162808854200,176328178,52231,D,17608.00,17699.00
Tondgooyan.Petro,20200705,16831.00,18106.00,16650.00,17608.00,1810175504528,102806046,37387,D,17244.00,18106.00
Tondgooyan.Petro,20200704,18000.00,18000.00,16485.00,17244.00,3742557131569,217032137,84832,D,17352.00,16830.00
Tondgooyan.Petro,20200701,17355.00,17355.00,16900.00,17352.00,2145167567330,123627807,31130,D,16529.00,17355.00
Tondgooyan.Petro,20200630,16529.00,16529.00,16529.00,16529.00,792468772705,47944145,16427,D,15742.00,16529.00
Tondgooyan.Petro,20200629,15316.00,16356.00,14800.00,15742.00,3260393798832,207114393,62232,D,15578.00,16356.00
Tondgooyan.Petro,20200628,16027.00,16027.00,14501.00,15578.00,3277972755524,210423396,47948,D,15264.00,15306.00
Tondgooyan.Petro,20200627,15259.00,15291.00,14900.00,15264.00,1357855436397,88955383,19865,D,14563.00,15291.00
Tondgooyan.Petro,20200624,13650.00,14854.00,13540.00,14563.00,2315557945479,159007740,39234,D,14147.00,14854.00
Tondgooyan.Petro,20200623,14262.00,14262.00,13600.00,14147.00,2027100755870,143290159,33079,D,13583.00,13650.00
Tondgooyan.Petro,20200622,13660.00,13660.00,13150.00,13583.00,1055637529248,77716595,19529,D,13010.00,13660.00
Tondgooyan.Petro,20200621,13010.00,13010.00,13010.00,13010.00,708580738150,54464315,13486,D,12391.00,13010.00
Tondgooyan.Petro,20200620,12400.00,12406.00,12050.00,12391.00,748694628738,60423683,17533,D,11816.00,12406.00
Tondgooyan.Petro,20200616,11550.00,11981.00,11260.00,11816.00,1199172369394,101490652,34981,D,11411.00,11981.00
Tondgooyan.Petro,20200615,11534.00,11853.00,11211.00,11411.00,1362426423786,119396883,45661,D,11598.00,11380.00
Tondgooyan.Petro,20200614,11999.00,12004.00,11533.00,11598.00,1636770397632,141130815,47399,D,12140.00,11534.00
Tondgooyan.Petro,20200613,12550.00,12550.00,11870.00,12140.00,1626651037039,133985999,55732,D,12126.00,11919.00
Tondgooyan.Petro,20200610,12300.00,12898.00,11777.00,12126.00,1157150392815,95424187,28335,D,11304.00,12056.00
Tondgooyan.Petro,20200606,11621.00,11747.00,11377.00,11714.00,725609867665,61944439,21501,D,11188.00,11747.00
Tondgooyan.Petro,20200602,11000.00,11331.00,10699.00,11188.00,1118593681311,99982318,37109,D,10792.00,11331.00
Tondgooyan.Petro,20200601,10700.00,11174.00,10500.00,10792.00,668436526184,61940627,30355,D,10877.00,10650.00
Tondgooyan.Petro,20200531,11453.00,11453.00,10371.00,10877.00,1027264796272,94442400,35582,D,10908.00,10642.00
Tondgooyan.Petro,20200530,10850.00,10939.00,10605.00,10908.00,552687681774,50667043,21864,D,10419.00,10939.00
Tondgooyan.Petro,20200527,9950.00,10840.00,9950.00,10419.00,1090695276743,104686347,59682,D,10457.00,10605.00
Tondgooyan.Petro,20200526,10687.00,11049.00,10153.00,10457.00,862873761205,82515143,38808,D,10687.00,10153.00
Tondgooyan.Petro,20200523,10671.00,10933.00,10671.00,10852.00,2655149163177,244674268,73215,D,11232.00,10672.00
Tondgooyan.Petro,20200520,11250.00,11690.00,11193.00,11232.00,519733208837,46273118,21176,D,11782.00,11193.00
Tondgooyan.Petro,20200519,12086.00,12086.00,11396.00,11782.00,2138239157198,181477378,84563,D,11511.00,11490.00
Tondgooyan.Petro,20200518,10493.00,11597.00,10493.00,11511.00,571104712014,49612790,21979,D,11045.00,11597.00
Tondgooyan.Petro,20200517,11045.00,11045.00,11045.00,11045.00,208483001145,18875781,5307,D,11626.00,11045.00
Tondgooyan.Petro,20200516,11700.00,11700.00,11292.00,11626.00,47382297406,4196043,1644,D,11886.00,11292.00
Tondgooyan.Petro,20200513,12300.00,12300.00,11886.00,11886.00,128130476850,10779874,3845,D,12511.00,11886.00
Tondgooyan.Petro,20200512,12950.00,12950.00,12405.00,12511.00,92408286855,7448851,2025,D,13057.00,12405.00
Tondgooyan.Petro,20200511,13401.00,13401.00,13057.00,13057.00,157112826318,12032674,4047,D,13744.00,13057.00
Tondgooyan.Petro,20200510,14000.00,14500.00,13401.00,13744.00,2249679959134,163680730,69205,D,14106.00,13402.00
Tondgooyan.Petro,20200509,13408.00,14187.00,13408.00,14106.00,2018803409962,143118446,47368,D,13512.00,14006.00
Tondgooyan.Petro,20200506,14109.00,14818.00,13408.00,13512.00,1650678399889,122165604,51274,D,14113.00,13408.00
Tondgooyan.Petro,20200505,14940.00,14940.00,14112.00,14113.00,265160597216,18788780,6825,D,14854.00,14112.00
Tondgooyan.Petro,20200504,14945.00,14945.00,14234.00,14854.00,3664438517324,246699691,75555,D,14234.00,14945.00
Tondgooyan.Petro,20200503,14234.00,14234.00,14234.00,14234.00,2118393682306,148826309,27141,D,13557.00,14234.00
Tondgooyan.Petro,20200502,12950.00,13559.00,12950.00,13557.00,1663126430352,122678329,17454,D,12914.00,13559.00
Tondgooyan.Petro,20200429,12200.00,12915.00,12197.00,12914.00,1333859956278,103285749,28455,D,12300.00,12915.00
Tondgooyan.Petro,20200428,12580.00,13203.00,11947.00,12300.00,3857362857177,313617559,168412,D,12575.00,12291.00
Tondgooyan.Petro,20200427,11999.00,12585.00,11999.00,12575.00,1679563884316,133560915,37725,D,11986.00,12585.00
Tondgooyan.Petro,20200426,11440.00,12012.00,11440.00,11986.00,1655365824056,138111358,29862,D,10896.00,11900.00
Tondgooyan.Petro,20200425,10896.00,10896.00,10896.00,10896.00,573725284320,52654670,9364,D,10378.00,10896.00
Tondgooyan.Petro,20200422,10378.00,10378.00,10378.00,10378.00,1577170283282,151972469,25668,D,9884.00,10378.00
Tondgooyan.Petro,20200421,9884.00,9884.00,9884.00,9884.00,499998023588,50586607,15934,D,9414.00,9884.00
Tondgooyan.Petro,20200420,8740.00,9421.00,8704.00,9414.00,666190707187,70762474,35077,D,8973.00,9421.00
Tondgooyan.Petro,20200419,9255.00,9255.00,8375.00,8973.00,2082596990202,232092903,118577,D,8815.00,8721.00
Tondgooyan.Petro,20200418,8815.00,8815.00,8815.00,8815.00,404011636350,45832290,22288,D,8396.00,8815.00
Tondgooyan.Petro,20200415,8425.00,8820.00,8004.00,8396.00,2228930056171,265477778,179369,D,8425.00,8570.00
Tondgooyan.Petro,20200414,8425.00,8435.00,8425.00,8425.00,247028155975,29320847,18401,D,8868.00,8425.00
Tondgooyan.Petro,20200413,9107.00,9107.00,8241.00,8868.00,2560101797382,288680114,166526,D,8674.00,8680.00
Tondgooyan.Petro,20200412,8771.00,8771.00,8771.00,8674.00,64428801402,7345662,7201,D,8354.00,8771.00
Tondgooyan.Petro,20200411,8354.00,8354.00,8354.00,8354.00,91959052598,11007787,10651,D,7957.00,8354.00
Tondgooyan.Petro,20200408,7957.00,7957.00,7957.00,7957.00,173868470656,21851008,25112,D,7579.00,7957.00
Tondgooyan.Petro,20200407,7579.00,7579.00,7579.00,7579.00,157508740961,20782259,21117,D,7219.00,7579.00
Tondgooyan.Petro,20200406,6900.00,7245.00,6900.00,7219.00,164500707870,22787680,16610,D,6572.00,7245.00
Tondgooyan.Petro,20200405,6708.00,6708.00,6708.00,6572.00,36955203792,5509124,5240,D,6389.00,6708.00
Tondgooyan.Petro,20200404,6472.00,6472.00,6472.00,6389.00,45343414480,7006090,6617,D,6164.00,6472.00
Tondgooyan.Petro,20200330,6265.00,6265.00,6265.00,6164.00,39753091490,6345266,6102,D,5967.00,6265.00
Tondgooyan.Petro,20200329,6064.00,6064.00,6064.00,5967.00,38584049520,6362805,5934,D,5776.00,6064.00
Tondgooyan.Petro,20200328,5901.00,5901.00,5901.00,5776.00,31453799349,5330249,5028,D,5620.00,5901.00
Tondgooyan.Petro,20200325,5760.00,5760.00,5760.00,5620.00,27045521280,4695403,4374,D,5486.00,5760.00
Tondgooyan.Petro,20200324,5640.00,5640.00,5640.00,5486.00,22996671360,4077424,3875,D,5372.00,5640.00
Tondgooyan.Petro,20200318,5510.00,5510.00,5510.00,5372.00,28414254520,5156852,4907,D,5248.00,5510.00
Tondgooyan.Petro,20200317,5400.00,5400.00,5400.00,5248.00,23965491600,4438054,4262,D,5143.00,5400.00
Tondgooyan.Petro,20200316,5261.00,5261.00,5261.00,5143.00,30344853507,5767887,5461,D,5011.00,5261.00
Tondgooyan.Petro,20200315,5011.00,5011.00,5011.00,5011.00,287885773393,57450763,5873,D,4773.00,5011.00
Tondgooyan.Petro,20200314,4816.00,4816.00,4816.00,4773.00,42532662928,8831533,7821,D,4587.00,4816.00
Tondgooyan.Petro,20200311,4735.00,4735.00,4735.00,4587.00,18387345005,3883283,4551,D,4510.00,4735.00
Tondgooyan.Petro,20200310,4649.00,4649.00,4649.00,4510.00,19675748846,4232254,2574,D,4428.00,4649.00
Tondgooyan.Petro,20200309,4599.00,4599.00,4599.00,4428.00,11519828145,2504855,2536,D,4380.00,4599.00
Tondgooyan.Petro,20200307,4380.00,4380.00,4380.00,4380.00,9024334095000,2060350250,1603699,D,1000.00,4380.00
